{"cameraMode":{"drawMode":0,"name":"Shaded","section":"Shading Mode"},"sceneLighting":true,"audioPlay":false,"sceneViewState":{"showFog":true,"showMaterialUpdate":false,"showSkybox":true,"showFlares":true,"showImageEffects":true,"showParticleSystems":true},"in2DMode":false,"pivot":{"x":0.04491059482097626,"y":-6.766548156738281,"z":4.973690032958984},"rotation":{"x":-0.4365893602371216,"y":0.004587286151945591,"z":-0.002225402742624283,"w":-0.8996464610099793},"size":25.105653762817384,"orthographic":false}