{"cameraMode":{"drawMode":0,"name":"Shaded","section":"Shading Mode"},"sceneLighting":true,"audioPlay":false,"sceneViewState":{"showFog":true,"showMaterialUpdate":false,"showSkybox":true,"showFlares":true,"showImageEffects":true,"showParticleSystems":true},"in2DMode":false,"pivot":{"x":9.667683601379395,"y":-10.092511177062989,"z":6.143744468688965},"rotation":{"x":-0.44420522451400759,"y":-0.041099753230810168,"z":0.020404726266860963,"w":-0.8947492837905884},"size":27.299413681030275,"orthographic":false}