{"cameraMode":{"drawMode":0,"name":"Shaded","section":"Shading Mode"},"sceneLighting":true,"audioPlay":false,"sceneViewState":{"showFog":true,"showMaterialUpdate":false,"showSkybox":true,"showFlares":true,"showImageEffects":true,"showParticleSystems":true},"in2DMode":false,"pivot":{"x":2.797170877456665,"y":-0.4417095184326172,"z":0.1019277572631836},"rotation":{"x":-0.5246439576148987,"y":-0.00587481027469039,"z":0.003621411742642522,"w":-0.8512938618659973},"size":18.333559036254884,"orthographic":false}