{"cameraMode":{"drawMode":0,"name":"Shaded","section":"Shading Mode"},"sceneLighting":true,"audioPlay":false,"sceneViewState":{"showFog":true,"showMaterialUpdate":false,"showSkybox":true,"showFlares":true,"showImageEffects":true,"showParticleSystems":true},"in2DMode":false,"pivot":{"x":85.31647491455078,"y":711.0750122070313,"z":23.194847106933595},"rotation":{"x":-0.21600277721881867,"y":0.02840648591518402,"z":-0.006286580581218004,"w":-0.9759592413902283},"size":32.20603942871094,"orthographic":false}